SiteCode,RefCode,Locality,State,Country,Latitude,Longitude,Precision,YearStart,YearEnd,Duration,SamplingEffort,StudyType,EcologicalScale,SamplingMethod,SamplingSeason,Vegetation,VegType,Ecoregion,Domain,Altitude,1kmAlt,AnnRain,MeaAnnTemp,PET,GAI
BPA001,BPR001,Bosque Experimental Elías Meneses - Ichilo,Santa Cruz,Bolivia,-16.633333,-64.5,Precise,2003,2003,1,NA,Bat diet,Assemblage,Feces collection,Wet,High thin forest,Rainforest,Southwest Amazon moist forests,Amazonia,185,210,3142,25.3,1729,1.8165
BPA002,BPR002,Embrapa Cerrados - Planaltina,Distrito Federal,Brazil,-15.6283333,-47.37083333,Precise,2004,2004,3,NA,Bat diet,Population,Roosting inspection ,Dry,NA,Savanna woodland,Cerrado,Cerrado,NA,885,1430,21.5,1547,0.9241
BPA003,BPR003,Reserva Particular do Patrimônio Natural Feliciano Miguel Abdala,Minas Gerais,Brazil,-19.728151,-41.813929,Precise,1989,1990,11,166,Bat diet,Assemblage,Feces collection,Dry and Wet,Lowland tropical moist forest,Semideciduous forest,Bahia interior forests,Atlantic Forest,628,442,1211,21.6,1306,0.9267
BPA004,BPR004,Espiritu Wildlife Refuge,Beni,Bolivia,-14.137083,-66.401694,Not precise,NA,NA,3,21,Bat diet,Assemblage,Feces collection,Dry,Seasonally flooded savanna,Savanna woodland,Beni savanna,Amazonia,NA,160,1750,26.1,1536,1.1392
BPA005,BPR005,Saguaro National Park,Arizona,United States,32.288465,-111.153482,Not precise,1960,1960,1,NA,Plant visitation,Population,Experimental,Dry,NA,Semi-desert and desert,Sonoran desert,Nearctic Mexico,NA,937,368,19.8,2588,0.1421
BPA006,BPR006,Santa Catalina Chinango,Oaxaca,Mexico,18.106086,-97.75541,Not precise,2003,2003,3,6809,Plant visitation,Population,Direct observation,NA,Thorny scrub and tropical dry forest,Semi-arid thorny woodland,Balsas dry forests,Mesoamerica,1600,1830,547,20.2,1834,0.2982
BPA007,BPR007,Zapotitlán Salinas,Puebla,Mexico,18.332712,-97.457869,Not precise,1996,1996,7,NA,Plant visitation,Population,Direct observation,Wet,Dry xerophytic scrub,Semi-arid thorny woodland,Tehuacán Valley matorral,Mesoamerica,NA,1457,440,21.8,1848,0.2379
BPA008,BPR008,Explorama Lodge at Quebrada Yamamono,Loreto,Peru,-3.443572,-72.849776,Precise,1991,1991,1,40,Bat diet,Assemblage,Feces collection,Wet,NA,Floodplain forest,Solimões-Japurá moist forest,Amazonia,NA,97,3099,26.2,1167,2.6541
BPA009,BPR008,Explornapo Camp at Quebrada Sucusari,Loreto,Peru,-3.257719,-72.917517,Precise,1991,1991,1,24,Bat diet,Assemblage,Feces collection,Dry,NA,Floodplain forest,Solimões-Japurá moist forest,Amazonia,NA,102,3135,26.4,1166,2.6873
BPA010,BPR009,Centro de Investigaciones Jenaro Herrera,Loreto,Peru,-4.898564,-73.650419,Precise,1988,1991,24,NA,Bat diet,Assemblage,Feces collection,Dry and Wet,Broadleaf tropical rainforest,Rainforest,Southwest Amazon moist forests,Amazonia,130,123,2578,26.4,1180,2.1846
BPA011,BPR010,Fundo Pecuario Masaguaral,Guarico,Venezuela,8.565766,-67.571095,Precise,1977,1978,8,NA,Bat diet,Population,Experimental,Dry,NA,Savanna woodland,Llanos,Los Llanos,NA,69,1327,27.6,1866,0.711
BPA012,BPR011,La Selva Biological Station,Heredia,Costa Rica,10.4232682,-84.0220298,Precise,1998,2000,5,6,Plant visitation,Population,Feces collection,Dry and Wet,Tropical rain forest,Rainforest,Isthmian-Atlantic moist forests,Mesoamerica,NA,100,3779,25.8,1685,2.2416
BPA013,BPR012,Fazenda Água Limpa,Distrito Federal,Brazil,-15.94835,-47.934083,Precise,1994,1995,4,82,Bat diet,Assemblage,Feces collection,Wet,evergreen mesophytic forest,Seasonal riverine forest,Cerrado,Cerrado,>1000,1071,1527,20.6,1518,1.0058
BPA014,BPR013,Barro Colorado Island,Panama Oeste,Panama,9.1592,-79.8442,Not precise,1973,1973,12,285,Bat diet,Assemblage,Feces collection,Dry and Wet,NA,Rainforest,Isthmian-Atlantic moist forests,Mesoamerica,NA,123,2213,26.1,1682,1.3156
BPA015,BPR014,Parque Nacional Santa Rosa,Guanacaste,Costa Rica,10.8379308,-85.7051116,Not precise,1982,1982,3,NA,Bat diet,Assemblage,Experimental,Dry,Premontane moist for,Deciduous forest,Central American dry forests,Mesoamerica,NA,277,1636,26,2005,0.8157
BPA016,BPR015,Natural Reserve Vale do Rio Doce - Linhares,Espirito Santo,Brazil,-19.151048,-40.070882,Not precise,1989,1989,2,NA,Plant visitation,Population,Direct observation,Dry,Mata de Tabuleiro,Rainforest,Bahia coastal forests,Atlantic Forest,NA,66,1197,23.6,1352,0.8852
BPA017,BPR016,Parque Estadual da Serra do Mar,Sao Paulo,Brazil,-23.160181,-44.834228,Not precise,NA,NA,NA,NA,Plant visitation,Population,Direct observation,NA,Broadleaf forest,Rainforest,Serra do Mar coastal forests,Atlantic Forest,1100,1496,1791,14.2,1097,1.6313
BPA018,BPR016,Monte Verde - Camanducaia,Minas Gerais,Brazil,-22.855548,-46.04076,Not precise,NA,NA,NA,NA,Plant visitation,Population,Direct observation,NA,Mixed broadleaf and araucaria forest,Mixed forest,Serra do Mar coastal forests,Atlantic Forest,1600,1584,1741,14,1124,1.548
BPA019,BPR016,Parque Estadual de Campos do Jordao,Sao Paulo,Brazil,-22.688723,-45.481382,Not precise,NA,NA,NA,NA,Plant visitation,Population,Direct observation,NA,Mixed broadleaf and araucaria forest,Mixed forest,Serra do Mar coastal forests,Atlantic Forest,1500,1549,1757,14.2,1134,1.5489
BPA020,BPR017,Setor de Ciencias Biologicas UFPA,Parana,Brazil,-25.446162,-49.233427,Precise,1997,1998,6,7,Plant visitation,Population,Direct observation,Wet,Secondary mixed ombrophyllous forest,Mixed forest,Araucaria moist forests,Atlantic Forest,NA,920,1569,17.9,1210,1.2962
BPA021,BPR018,Parque Zoobotânico do Museu Goeldi ,Para,Brazil,-1.453311,-48.476612,Precise,NA,NA,NA,NA,Bat diet,Assemblage,Direct observation,NA,NA,Rainforest,Tocantins/Pindare moist forests,Amazonia,NA,15,2976,26.6,1458,2.0406
BPA022,BPR019,Tehuacan Valley,Puebla,Mexico,18.270636,-97.398416,Not precise,1995,1995,5,NA,Plant visitation,Population,Pollen collection,Wet,Thorn scrub-forest and tropical deciduous forest,Mixed forest,Tehuacán Valley matorral,Mesoamerica,NA,1892,563,18.7,1703,0.3305
BPA023,BPR019,La Mixteca Baja,Oaxaca,Mexico,18.108588,-97.745645,Not precise,1996,1996,5,NA,Plant visitation,Population,Pollen collection,Wet,Tropical deciduous forest,Deciduous forest,Balsas dry forests,Mesoamerica,NA,1825,546,20.2,1831,0.2981
BPA024,BPR020,Piste de Saint Elie,NA,French Guiana,4.822826,-53.276157,Not precise,1981,1981,NA,250,Bat diet,Assemblage,Feces collection,Dry and Wet,NA,Rainforest,Guianan moist forests,Amazonia,45,187,2835,25.1,1576,1.798
BPA025,BPR021,ECEREX station - near Sinnamary,NA,French Guiana,5.405774,-52.969059,Not precise,1985,1986,2,182,Bat diet,Population,Feces collection,Dry and Wet,NA,Rainforest,Amazon-Orinoco-Southern Caribbean mangroves,Amazonia,45,14,2634,26.1,1666,1.5801
BPA026,BPR022,Nouragues Biological Station,NA,French Guiana,4.088403,-52.679596,Not precise,1987,1996,NA,NA,Bat diet,Assemblage,Feces collection,Dry and Wet,NA,Rainforest,Guianan moist forests,Amazonia,NA,127,3119,25.4,1577,1.9772
BPA027,BPR023,Biological Reserve Los Tuxtlas,Veracruz,Mexico,18.585205,-95.073924,Precise,1983,1983,2,NA,Plant visitation,Population,Direct observation,NA,Tall evergreen rain forest,Rainforest,Sierra de los Tuxtlas,Mesoamerica,NA,129,2436,25.3,1719,1.4164
BPA028,BPR024,Cafuringa Environmental Protection Area,Distrito Federal,Brazil,-15.5597,-48.0517,Not precise,1997,1998,12,42,Bat diet,Population,Feces collection,Dry and Wet,NA,Seasonal riverine forest,Cerrado,Cerrado,NA,996,1495,21.3,1552,0.9631
BPA029,BPR025,La Selva Biological Station,Heredia,Costa Rica,10.4232682,-84.0220298,Precise,1991,1994,NA,NA,Plant visitation,Population,Direct observation,Dry,NA,Rainforest,Isthmian-Atlantic moist forests,Mesoamerica,50,100,3779,25.8,1685,2.2416
BPA030,BPR026,Piste de Saint Elie,NA,French Guiana,4.822826,-53.276157,Not precise,1981,1982,NA,175,Bat diet,Assemblage,Feces collection,Dry and Wet,NA,Rainforest,Guianan moist forests,Amazonia,45,187,2835,25.1,1576,1.798
BPA031,BPR027,Nouragues biological station,NA,French Guiana,4.088403,-52.679596,Not precise,2000,2002,14,NA,Bat diet,Assemblage,Feces collection,Dry and Wet,Tropical primary rainforest,Rainforest,Guianan moist forests,Amazonia,NA,127,3119,25.4,1577,1.9772
BPA032,BPR028,Monteverde Cloud Forest Reserve,Puntarenas,Costa Rica,10.303137,-84.795742,Precise,1981,1982,18,832,Bat diet,Assemblage,Feces collection,Dry and Wet,Broad-leaved evergreen fores,Rainforest,Talamancan montane forests,Mesoamerica,NA,1559,2617,18.1,1519,1.7227
BPA033,BPR029,Pedregal de San Angel Reserve,Distrito Federal,Mexico,19.314522,-99.176448,Precise,1982,1984,37,NA,Plant visitation,Population,Direct observation and Pollen Collection,Dry and Wet,Open xerophilous scrub,Semi-arid thorny woodland,Central Mexican matorral,Mesoamerica,2250,2308,833,15.8,1722,0.4834
BPA034,BPR030,Near to Tlayacapan,Morelos,Mexico,18.961016,-98.982413,Not precise,1983,1984,4,4634,Plant visitation,Population,Direct observation and Pollen Collection,Dry,Selva baja caducifolia,Semi-arid thorny woodland,Balsas dry forests,Mesoamerica,1950,1665,990,20.2,1826,0.5421
BPA035,BPR031,Monterverde community,Puntarenas,Costa Rica,10.275372,-84.824771,Not precise,1992,1993,4,NA,Bat diet,Assemblage,Experimental,Wet,lower montane moist and wet forest,Rainforest,Costa Rican seasonal moist forests,Mesoamerica,1350,818,2308,22.1,1657,1.3927
BPA036,BPR032,Los Tuxtlas Biological Station,Veracruz,Mexico,18.585227,-95.073009,Precise,1980,1982,NA,NA,Plant visitation,Population,Direct observation,Dry and Wet,Evergreen rain forest,Rainforest,Sierra de los Tuxtlas,Mesoamerica,NA,129,2436,25.3,1719,1.4164
BPA037,BPR033,Los Tuxtlas Biological Station,Veracruz,Mexico,18.585227,-95.073009,Precise,1980,1981,12,NA,Bat diet,Population,Direct observation,Dry and Wet,Evergreen rain forest,Rainforest,Sierra de los Tuxtlas,Mesoamerica,NA,129,2436,25.3,1719,1.4164
BPA038,BPR034,Wildlife Sanctuary Otún Quimbaya,Risaralda,Colombia,4.728398,-75.574787,Precise,2004,2005,7,NA,Bat diet,Population,Feces collection,Dry and Wet,Bosque húmedo montano,Cloud forest,Cauca Valley montane forests,Northern Andes,NA,1914,2151,17.1,1332,1.6146
BPA039,BPR035,Mata de Santa Genebra reserve,Sao Paulo,Brazil,-22.820923,-47.110617,Precise,1991,1992,24,32,Plant visitation,Assemblage,Direct observation,Dry and Wet,Semideciduous forest,Semideciduous forest,Alto Paraná Atlantic forests,Atlantic Forest,NA,615,1271,20.5,1384,0.9183
BPA040,BPR036,Brotas,Sao Paulo,Brazil,-22.280756,-48.126142,Not precise,1989,1989,2,NA,Plant visitation,Population,Direct observation,Dry,Savanna and galery forest,Savanna woodland,Cerrado,Cerrado,NA,652,1343,20.3,1412,0.9507
BPA041,BPR037,Parque Nacional Santa Rosa,Guanacaste,Costa Rica,10.8379308,-85.7051116,Not precise,1975,1980,10,NA,Plant visitation,Population,Direct observation and Feces collection,Wet,Premontane Moist Tropical Forest,Rainforest,Central American dry forests,Mesoamerica,NA,277,1636,26,2005,0.8157
BPA042,BPR038,Parque Nacional Santa Rosa,Guanacaste,Costa Rica,10.8379308,-85.7051116,Not precise,1974,1983,NA,NA,Plant visitation,Assemblage,Direct observation and Feces collection,Dry and Wet,Premontane Moist Tropical Forest,Rainforest,Central American dry forests,Mesoamerica,300,277,1636,26,2005,0.8157
BPA043,BPR039,Parque Nacional Santa Rosa,Guanacaste,Costa Rica,10.8379308,-85.7051116,Not precise,1977,1978,6,NA,Bat diet,Population,Feces collection,Dry,Premontane Moist Tropical Forest,Rainforest,Central American dry forests,Mesoamerica,300,277,1636,26,2005,0.8157
BPA044,BPR040,Parque Nacional Santa Rosa,Guanacaste,Costa Rica,10.8379308,-85.7051116,Not precise,1980,1981,6,NA,Plant visitation,Population,Direct observation,Dry and Wet,tropical dry forest,Deciduous forest,Central American dry forests,Mesoamerica,300,277,1636,26,2005,0.8157
BPA045,BPR041,Parque Nacional Santa Rosa,Guanacaste,Costa Rica,10.8379308,-85.7051116,Not precise,1974,1975,4,NA,Bat diet,Assemblage,Experimental,Wet,Premontane Moist Tropical Forest,Rainforest,Central American dry forests,Mesoamerica,300,277,1636,26,2005,0.8157
BPA046,BPR042,Parque Nacional Santa Rosa,Guanacaste,Costa Rica,10.8379308,-85.7051116,Not precise,1974,1984,NA,NA,Plant visitation,Population,Direct observation,Dry and Wet,Premontane Moist Tropical Forest,Rainforest,Central American dry forests,Mesoamerica,300,277,1636,26,2005,0.8157
BPA047,BPR043,Bahia de Kino,Sonora,Mexico,28.83834,-111.961868,Not precise,1989,1999,24,NA,Plant visitation,Assemblage,Direct observation,Dry,NA,Semi-desert and desert,Sonoran desert,Nearctic Mexico,NA,0,137,21.2,2025,0.0676
BPA048,BPR043,Organ Pipe Cactus National Monument,Arizona,United States,32.087291,-112.906624,Not precise,1997,1997,3,NA,Plant visitation,Assemblage,Direct observation,Dry,NA,Semi-desert and desert,Sonoran desert,Nearctic Mexico,NA,522,199,21.6,2465,0.0807
BPA049,BPR044,Mata de Santa Genebra reserve,Sao Paulo,Brazil,-22.820923,-47.110617,Precise,1990,1991,9,NA,Bat diet,Population,Roosting inspection ,Dry and Wet,Tropical semideciduous forest,Semideciduous forest,Alto Paraná Atlantic forests,Atlantic Forest,NA,615,1271,20.5,1384,0.9183
BPA050,BPR045,Piracicaba river basin,Sao Paulo,Brazil,-19.666667,-42.916667,Precise,1995,1996,6,64,Bat diet,Assemblage,Feces collection,Dry and Wet,Eucalyptus plantation and secondary forest,Semideciduous forest,Bahia interior forests,Atlantic Forest,NA,468,1301,21.7,1320,0.985
BPA051,BPR046,Fazenda Água Limpa,Distrito Federal,Brazil,-15.9642,-47.9458,Precise,1996,1996,8,NA,Bat diet,Population,Direct observation,Wet,Cerrado,Seasonal riverine forest,Cerrado,Cerrado,NA,1099,1530,20.5,1516,1.0092
BPA052,BPR047,Sierra de San Javier,Tucuman,Argentina,-26.783333,-65.35,Not precise,1994,1996,16,596,Bat diet,Assemblage,Feces collection,Dry and Wet,Cloud forest,Cloud forest,Southern Andean Yungas,Southern Andes,NA,989,938,18.5,1720,0.5452
BPA053,BPR048,Barro Colorado Island,Panama Oeste,Panama,9.15164,-79.8509,Not precise,1975,1985,NA,NA,Bat diet,Assemblage,Feces collection,Dry and Wet,NA,Rainforest,Isthmian-Atlantic moist forests,Mesoamerica,NA,159,2394,26,1673,1.4301
BPA054,BPR049,Brasilia Botanic Garden,Distrito Federal,Brazil,-15.861197,-47.8282,Precise,1989,1989,NA,NA,Plant visitation,Population,Direct observation,NA,NA,Savanna woodland,Cerrado,Cerrado,1150,1137,1510,20.4,1523,0.9909
BPA055,BPR049,Gloria experimental farm of the Federal University of Uberlandia,Minas Gerais,Brazil,-18.933672,-48.203404,Precise,1996,1996,NA,NA,Plant visitation,Population,Direct observation,NA,NA,Savanna woodland,Cerrado,Cerrado,800,945,1591,21.6,1588,1.0017
BPA056,BPR050,Zapotitlán Valley,Puebla,Mexico,18.333333,-97.466667,Not precise,NA,NA,NA,NA,Plant visitation,Assemblage,Experimental,NA,NA,Semi-arid thorny woodland,Tehuacán Valley matorral,Mesoamerica,NA,1480,437,21.7,1846,0.2366
BPA057,BPR051,Helia Bravo Hollis Botanical Garden,Puebla,Mexico,18.332541,-97.457725,Precise,1993,1997,NA,NA,Plant visitation,Population,Direct observation,Wet,NA,Semi-arid thorny woodland,Tehuacán Valley matorral,Mesoamerica,NA,1457,440,21.8,1848,0.2379
BPA058,BPR052,Centro de Investigaciones Jenaro Herrera,Loreto,Peru,-4.898564,-73.650419,Precise,1989,1991,34,856,Bat diet,Assemblage,Feces collection,Dry and Wet,NA,Rainforest,Southwest Amazon moist forests,Amazonia,130,123,2578,26.4,1180,2.1846
BPA059,BPR053,Trinidad Island,NA,Trinidad and Tobago,10.431118,-61.253205,Not precise,NA,NA,NA,NA,Bat diet,Assemblage,Feces collection and Roosting inspection,NA,NA,Rainforest,Trinidad and Tobago moist forests,Caribbean,NA,103,2084,26,1767,1.1792
BPA060,BPR054,Aguas Emendadas Biological Reserve,Distrito Federal,Brazil,-15.558154,-47.60951,Precise,1983,1985,NA,NA,Plant visitation,Population,Direct observation,Dry and Wet,seasonal woodland-savanna,Savanna woodland,Cerrado,Cerrado,>1000,1049,1476,20.8,1539,0.9586
BPA061,BPR054,Fazenda Água Limpa,Distrito Federal,Brazil,-15.94835,-47.934083,Precise,1983,1985,NA,NA,Plant visitation,Population,Direct observation,Dry and Wet,seasonal woodland-savanna,Savanna woodland,Cerrado,Cerrado,>1000,1071,1527,20.6,1518,1.0058
BPA062,BPR055,Instituto Nacional de Pesquisas da Amazonia,Amazonas,Brazil,-3.097524,-59.986194,Precise,1993,1993,2,NA,Plant visitation,Population,Direct observation and Pollen Collection,Dry and Wet,NA,Rainforest,Japurá-Solimões-Negro moist forests,Amazonia,NA,67,2441,27,1316,1.8543
BPA063,BPR055,Maracá Ecological Reserve,Roraima,Brazil,3.396128,-61.706532,Not precise,1988,1988,1,NA,Plant visitation,Population,Direct observation and Pollen Collection,Wet,NA,Rainforest,Guianan piedmont and lowland moist forests,Amazonia,NA,215,2099,26.3,1566,1.3402
BPA064,BPR056,Barro Colorado Island,Panama Oeste,Panama,9.1592,-79.8442,Precise,1979,1980,2,NA,Bat diet,Population,Feces collection,Dry,NA,Rainforest,Isthmian-Atlantic moist forests,Mesoamerica,NA,123,2213,26.1,1682,1.3156
BPA065,BPR057,Barro Colorado Island,Panama Oeste,Panama,9.1592,-79.8442,Precise,1976,1979,NA,NA,Bat diet,Population,Feces collection,Dry and Wet,NA,Rainforest,Isthmian-Atlantic moist forests,Mesoamerica,NA,123,2213,26.1,1682,1.3156
BPA066,BPR058,Parque Nacional Santa Rosa,Guanacaste,Costa Rica,10.8379308,-85.7051116,Not precise,1975,1976,8,NA,Bat diet,Population,Feces collection,Wet,Premontane Moist Forest,Rainforest,Central American dry forests,Mesoamerica,320,277,1636,26,2005,0.8157
BPA067,BPR059,1.5 km west of Cañas,Guanacaste,Costa Rica,10.42726,-85.10837,Not precise,1971,1972,4,NA,Plant visitation,Population,Pollen collection,Dry and Wet,NA,Deciduous forest,Central American dry forests,Mesoamerica,NA,67,2007,27.2,1954,1.0265
BPA068,BPR060,Finca La Pacifica - 4 km NW of Cañas,Guanacaste,Costa Rica,10.452035,-85.127443,Precise,1970,1972,NA,1331,Bat diet,Assemblage,Feces collection and Pollen collection,Dry and Wet,Dry forest,Deciduous forest,Central American dry forests,Mesoamerica,NA,46,1924,27.3,1963,0.9801
BPA069,BPR061,Parque Nacional Santa Rosa,Guanacaste,Costa Rica,10.8379308,-85.7051116,Not precise,1978,1978,2,NA,Plant visitation,Population,Direct observation,Dry,tropical moist forest,Rainforest,Central American dry forests,Mesoamerica,NA,277,1636,26,2005,0.8157
BPA070,BPR062,Henri Pittier National Park ,Aragua,Venezuela,10.349907,-67.684392,Precise,1982,1982,1,NA,Bat diet,Population,Experimental,Dry,NA,Cloud forest,Cordillera La Costa montane forests,Caribbean,NA,1119,856,20.4,1542,0.5551
BPA071,BPR063,Parque Nacional Santa Rosa,Guanacaste,Costa Rica,10.8379308,-85.7051116,Not precise,1996,1996,2,NA,Plant visitation,Population,Pollen collection,Wet,Seasonal forest,Deciduous forest,Central American dry forests,Mesoamerica,NA,277,1636,26,2005,0.8157
BPA072,BPR064,Parque Nacional Santa Rosa,Guanacaste,Costa Rica,10.8379308,-85.7051116,Not precise,1980,1981,8,NA,Bat diet,Population,Experimental,Wet,NA,Deciduous forest,Central American dry forests,Mesoamerica,NA,277,1636,26,2005,0.8157
BPA073,BPR065,Chamela Biological Station - UNAM,Jalisco,Mexico,19.499092,-105.044856,Precise,1989,1989,NA,NA,Bat diet,Assemblage,Experimental,NA,NA,Semi-arid thorny woodland,Jalisco dry forests,Mesoamerica,NA,86,942,25.2,1798,0.5236
BPA074,BPR066,Sierra de Manantlan Biosphere Reserve,Jalisco,Mexico,19.485675,-103.950087,Precise,1993,1994,7,68,Bat diet,Assemblage,Experimental,Dry and Wet,Subtropical montane cloud forest,Mixed forest,Trans-Mexican Volcanic Belt pine-oak forests,Mesoamerica,1900,2462,1116,14.2,1577,0.7072
BPA075,BPR067,Los Tuxtlas Biological Station,Veracruz,Mexico,18.585227,-95.073009,Precise,1998,1999,6,63,Bat diet,Assemblage,Experimental,Dry and Wet,NA,Rainforest,Sierra de los Tuxtlas,Mesoamerica,NA,129,2436,25.3,1719,1.4164
BPA076,BPR068,Chamela Biological Station - UNAM,Jalisco,Mexico,19.499092,-105.044856,Precise,1988,1988,6,NA,Bat diet,Assemblage,Feces collection,Dry and Wet,tropical deciduous forest,Deciduous forest,Jalisco dry forests,Mesoamerica,NA,86,942,25.2,1798,0.5236
BPA077,BPR069,San Sebastian de los Reyes,Aragua,Venezuela,9.946165,-67.182587,Precise,1982,1983,NA,NA,Plant visitation,Assemblage,Pollen collection,Dry and Wet,Dry premontane forest,Deciduous forest,La Costa xeric shrublands,Caribbean,200,368,1107,25.1,1765,0.6271
BPA078,BPR069,Los Caracas river,Vargas,Venezuela,10.616667,-66.566667,Precise,1982,1983,NA,NA,Plant visitation,Assemblage,Pollen collection,Dry,Dry premontane forest,Deciduous forest,Cordillera La Costa montane forests,Caribbean,80,76,973,26.9,1992,0.4884
BPA079,BPR070,Estação Experimental de Silvicultura Tropical INPA,Amazonas,Brazil,-2.629916,-60.03549,Precise,1979,1979,12,NA,Plant visitation,Assemblage,Direct observation and Pollen Collection,Dry and Wet,Lowland terra firme forest,Rainforest,Uatuma-Trombetas moist forests,Amazonia,NA,70,2365,26.5,1335,1.7707
BPA080,BPR070,Base Aérea Serra do Cachimbo,Para,Brazil,-9.323868,-54.947227,Precise,1979,1979,12,NA,Plant visitation,Assemblage,Direct observation and Pollen Collection,Dry and Wet,NA,Savanna woodland,Mato Grosso seasonal forests,Cerrado,NA,490,2262,25.7,1468,1.5404
BPA081,BPR070,Road BR316 Teresina to Picos at km 132,Piaui,Brazil,-6.033333,-42.283333,Precise,1979,1979,12,NA,Plant visitation,Assemblage,Direct observation and Pollen Collection,Dry and Wet,NA,Semi-arid thorny woodland,Caatinga,Caatinga,NA,224,1337,26.1,1729,0.7729
BPA082,BPR071,Taboga,Guanacaste,Costa Rica,10.348475,-85.17578,Not precise,1971,1971,3,104,Bat diet,Assemblage,Feces collection,Dry,NA,Deciduous forest,Central American dry forests,Mesoamerica,NA,9,1856,27.3,1986,0.9343
BPA083,BPR071,San Vito,Puntarenas,Costa Rica,8.81776,-82.9669,Not precise,1971,1971,3,117,Bat diet,Assemblage,Feces collection,Dry,NA,Rainforest,Talamancan montane forests,Mesoamerica,NA,986,3156,21.8,1516,2.0808
BPA084,BPR071,Osa,Puntarenas,Costa Rica,8.57133,-83.464041,Not precise,1971,1971,3,48,Bat diet,Assemblage,Feces collection,Dry,NA,Rainforest,Isthmian-Pacific moist forests,Mesoamerica,NA,225,2984,25.3,1605,1.8591
BPA085,BPR072,Autlán de Navarro,Jalisco,Mexico,19.756256,-104.371066,Not precise,2002,2003,6,NA,Plant visitation,Assemblage,Direct observation and Pollen Collection,Dry,thorn-scrub and tropical deciduous fores,Deciduous forest,Jalisco dry forests,Mesoamerica,900,961,1061,22.6,1776,0.5974
BPA086,BPR073,Cuerecí Biological Statio,Cartago,Costa Rica,9.555249,-83.667356,Not precise,1994,1994,1,NA,Plant visitation,Population,Direct observation,Dry,NA,Cloud forest,Talamancan montane forests,Mesoamerica,2700,2686,2346,10.3,1043,2.2485
BPA087,BPR074,Calilegua National Park,Jujuy,Argentina,-23.67309,-64.867555,Not precise,1992,1992,5,NA,Bat diet,Population,Feces collection,Dry,NA,Rainforest,Southern Andean Yungas,Southern Andes,700,1484,844,17.2,1553,0.5433
BPA088,BPR075,Taboga,Guanacaste,Costa Rica,10.350734,-85.17517,Not precise,1975,1975,2,NA,Plant visitation,Population,Feces collection,Wet,NA,Deciduous forest,Central American dry forests,Mesoamerica,NA,11,1868,27.3,1986,0.9404
BPA089,BPR076,Parque Zoobotânico do Museu Goeldi ,Para,Brazil,-1.453311,-48.476612,Precise,1962,1962,4,NA,Bat diet,Population,Direct observation,Dry,NA,Rainforest,Tocantins/Pindare moist forests,Amazonia,NA,15,2976,26.6,1458,2.0406
BPA090,BPR077,Agua Blanca - Guatopo National Park,Miranda,Venezuela,10.239258,-66.341472,Precise,1993,1993,1,NA,Plant visitation,Population,Experimental,Wet,NA,Rainforest,Cordillera La Costa montane forests,Caribbean,NA,75,1135,26.9,1903,0.5963
BPA091,BPR078,Manson River Nature Reserve,Saint Ann,Jamaica,18.199235,-77.2602,Precise,1998,1999,3,NA,Plant visitation,Population,Direct observation,Wet,NA,Limestone Rainforest,Jamaican moist forests,Caribbean,NA,698,1924,21.1,1553,1.2383
BPA092,BPR079,Barro Colorado Island,Panama Oeste,Panama,9.1592,-79.8442,Precise,1997,1997,3,NA,Plant visitation,Assemblage,Experimental,Wet,NA,Rainforest,Isthmian-Atlantic moist forests,Mesoamerica,NA,123,2213,26.1,1682,1.3156
BPA093,BPR080,Cayenne,NA,French Guiana,4.909438,-52.330312,Not precise,1986,1998,3,NA,Plant visitation,Population,Direct observation,Wet,NA,Coastal sandy mosaic,Amazon-Orinoco-Southern Caribbean mangroves,Amazonia,NA,10,2870,26,1625,1.7656
BPA094,BPR081,Cartagena de Indias,Bolivar,Colombia,10.45,-75.516667,Not precise,1979,1979,11,262,Bat diet,Population,Direct observation,Dry and Wet,NA,Limestone deciduous woodland,Amazon-Orinoco-Southern Caribbean mangroves,Caribbean,2,5,1072,27.7,1882,0.5693
BPA095,BPR082,Parque Municipal Arthur Thomas,Parana,Brazil,-23.346348,-51.143191,Precise,2001,2002,12,NA,Bat diet,Population,Roosting inspection ,Dry and Wet,NA,Semideciduous forest,Alto Paraná Atlantic forests,Atlantic Forest,NA,545,1569,20.8,1477,1.0616
BPA096,BPR083,Chamela-Cuixmala Reserve,Jalisco,Mexico,19.491454,-104.981025,Not precise,2000,2001,8,1041,Plant visitation,Assemblage,Pollen collection,Dry and Wet,NA,Deciduous forest,Jalisco dry forests,Mesoamerica,NA,245,1115,24.8,1796,0.6205
BPA097,BPR084,Guanacaste Conservation Area,Guanacaste,Costa Rica,10.839322,-85.618227,Not precise,2002,2002,2,NA,Plant visitation,Population,Direct observation,Dry,NA,Deciduous forest,Central American dry forests,Mesoamerica,NA,292,1631,25.8,1979,0.8238
BPA098,BPR085,Near the village of Saül,NA,French Guiana,3.896547,-53.385148,Precise,2000,2000,2,NA,Bat diet,Assemblage,Feces collection,Wet,NA,Rainforest,Guianan moist forests,Amazonia,NA,161,2637,25.4,1599,1.6484
BPA099,BPR086,NA,NA,French Guiana,4.634511,-52.856249,Not precise,1999,2001,17,162,Bat diet,Assemblage,Feces collection,Dry and Wet,NA,Rainforest,Guianan moist forests,Amazonia,NA,84,3012,25.5,1587,1.8972
BPA100,BPR087,Praia de Intermares,Paraiba,Brazil,-7.047582,-34.8419,Precise,1996,1996,2,NA,Plant visitation,Population,Direct observation,Wet,Semideciduous vegetation,Coastal sandy mosaic,Southern Atlantic mangroves,Atlantic Forest,NA,8,1813,26,1840,0.985
BPA101,BPR088,La Selva Biological Station,Heredia,Costa Rica,10.4232682,-84.0220298,Precise,1995,1995,8,854,Bat diet,Assemblage,Feces collection,Dry and Wet,tropical humid forest and premontane rain forest,Rainforest,Isthmian-Atlantic moist forests,Mesoamerica,NA,100,3779,25.8,1685,2.2416
BPA102,BPR089,La Selva Biological Station,Heredia,Costa Rica,10.4232682,-84.0220298,Precise,1995,1995,8,854,Bat diet,Assemblage,Feces collection,Dry and Wet,tropical humid forest and premontane rain forest,Rainforest,Isthmian-Atlantic moist forests,Mesoamerica,NA,100,3779,25.8,1685,2.2416
BPA103,BPR090,Pai Inacio Hill,Bahia,Brazil,-12.45863,-41.471717,Precise,2002,2002,1,NA,Plant visitation,Population,Direct observation,Wet,Campo rupestre,Rocky woodland,Caatinga,Caatinga,700,929,897,20.6,1517,0.5912
BPA104,BPR091,The outskirts of Recife,Pernambuco,Brazil,-8.016667,-34.933333,Not precise,1996,1996,2,NA,Plant visitation,Population,Direct observation,Wet,Atlantic Forest remain,Rainforest,Southern Atlantic mangroves,Atlantic Forest,NA,20,1616,25.2,1734,0.9317
BPA105,BPR092,Cueva del Indio,Pinar del Rio,Cuba,22.669547,-83.707295,Precise,NA,NA,NA,NA,Bat diet,Assemblage,Experimental,NA,NA,Limestone Rainforest,Cuban moist forests,Caribbean,NA,154,1524,24,1681,0.9061
BPA106,BPR093,Sierra del Rosario Biosphere Reserve,Artemisa,Cuba,22.85578,-82.964476,Precise,NA,NA,NA,NA,Bat diet,Assemblage,Feces collection,Dry and Wet,NA,Rainforest,Cuban moist forests,Caribbean,NA,243,1584,23.4,1624,0.9751
BPA107,BPR094,Sierra del Rosario Biosphere Reserve,Artemisa,Cuba,22.841944,-82.924167,Precise,2001,2002,15,448,Bat diet,Assemblage,Feces collection,Dry and Wet,tropical evergreen forest,Rainforest,Cuban dry forests,Caribbean,NA,202,1584,23.7,1636,0.9677
BPA108,BPR095,Serra do Japí,Sao Paulo,Brazil,-23.230137,-46.955796,Precise,1982,1984,NA,108,Bat diet,Assemblage,Feces collection,Dry and Wet,Subtropical Humid Forest,Cloud forest,Serra do Mar coastal forests,Atlantic Forest,NA,1078,1371,17.1,1215,1.1283
BPA109,BPR096,Estação Experimental de Silvicultura Tropical INPA,Amazonas,Brazil,-2.629916,-60.03549,Precise,1981,1981,1,NA,Plant visitation,Population,Feces collection,Dry,NA,Rainforest,Uatuma-Trombetas moist forests,Amazonia,NA,70,2365,26.5,1335,1.7707
BPA110,BPR097,Piedra Honda Cave,Falcon,Venezuela,11.94427,-70.010837,Precise,NA,NA,NA,NA,Bat diet,Population,Feces collection,NA,Thorn forest,Deciduous forest,Paraguana xeric scrub,Caribbean,150,157,452,27,2143,0.2108
BPA111,BPR098,North of Trinidad,Tunapuna-Piarco,Trinidad and Tobago,10.673486,-61.312156,Not precise,1976,1978,NA,NA,Bat diet,Population,Feces collection,Dry and Wet,NA,Rainforest,Trinidad and Tobago moist forests,Caribbean,NA,440,2088,24.3,1716,1.2165
BPA112,BPR099,Poço das Antas Biological Reserve,Rio de Janeiro,Brazil,-22.502833,-42.267675,Precise,2000,2001,21,18,Bat diet,Population,Feces collection,Dry and Wet,Lowland Atlantic Forest,Rainforest,Serra do Mar coastal forests,Atlantic Forest,NA,27,1171,22.9,1405,0.8331
BPA113,BPR100,Parque Estadual da Ilha do Cardoso,Sao Paulo,Brazil,-25.132045,-47.961936,Precise,NA,NA,NA,NA,Plant visitation,Population,Direct observation,NA,coastal sandy forest,Coastal sandy mosaic,Serra do Mar coastal forests,Atlantic Forest,NA,624,2243,18.7,1122,1.9981
BPA114,BPR101,Parque Estadual de Vila Rica,Parana,Brazil,-23.912667,-51.95952,Precise,1996,1997,9,45,Bat diet,Assemblage,Feces collection,Dry and Wet,Semideciduous Seasonal Forest,Semideciduous forest,Alto Paraná Atlantic forests,Atlantic Forest,NA,352,1488,20.1,1380,1.0779
BPA115,BPR102,Parque Estadual de Vila Rica,Parana,Brazil,-23.912667,-51.95952,Precise,2000,2002,3,NA,Plant visitation,Population,Experimental,Dry and Wet,Semideciduous Seasonal Forest,Semideciduous forest,Alto Paraná Atlantic forests,Atlantic Forest,NA,352,1488,20.1,1380,1.0779
BPA116,BPR103,Centro Ecoloógico de Sonora,Sonora,Mexico,29.01669,-110.953544,Precise,2001,2001,1,,Plant visitation,Assemblage,Direct observation and Pollen Collection,Dry,NA,Semi-desert and desert,Sonoran desert,Nearctic Mexico,245,269,300,23.1,2227,0.1347
BPA117,BPR103,Sierra Kino,Sonora,Mexico,28.816456,-111.926343,Precise,2002,2002,1,,Plant visitation,Assemblage,Direct observation and Pollen Collection,Dry,NA,Semi-desert and desert,Sonoran desert,Nearctic Mexico,50,0,140,20.7,1942,0.072
BPA118,BPR104,Chamela-Cuixmala Reserve,Jalisco,Mexico,19.491454,-104.981025,Not precise,1977,1977,1,NA,Bat diet,Population,Feces collection,Wet,NA,Deciduous forest,Jalisco dry forests,Mesoamerica,NA,245,1115,24.8,1796,0.6205
BPA119,BPR105,Barro Colorado Island,Panama Oeste,Panama,9.15164,-79.8509,Not precise,1973,1973,8,NA,Bat diet,Population,Feces collection,Dry and Wet,NA,Rainforest,Isthmian-Atlantic moist forests,Mesoamerica,NA,159,2394,26,1673,1.4301
BPA120,BPR106,Barro Colorado Island,Panama Oeste,Panama,9.15164,-79.8509,Not precise,1978,1978,2,NA,Bat diet,Population,Experimental,Wet,NA,Rainforest,Isthmian-Atlantic moist forests,Mesoamerica,NA,159,2394,26,1673,1.4301
BPA121,BPR107,Yanayacu Biological Station,Napo,Ecuador,-0.599599,-77.883356,Precise,2003,2005,3,NA,Plant visitation,Population,Pollen collection,Dry and Wet,NA,Rainforest,Eastern Cordillera real montane forests,Northern Andes,NA,2119,2337,16.1,1076,2.1718
BPA122,BPR107,El Pahuma reserve,Pichincha,Ecuador,0.025871,-78.632174,Precise,2003,2005,3,NA,Plant visitation,Population,Pollen collection,Dry and Wet,NA,Cloud forest,Northwestern Andean montane forests,Northern Andes,NA,1954,1457,16.6,1206,1.2076
BPA123,BPR107,Sierrazul,Napo,Ecuador,-0.735556,-77.897222,Not precise,2003,2005,3,NA,Plant visitation,Population,Pollen collection,Dry and Wet,NA,Rainforest,Eastern Cordillera real montane forests,Northern Andes,NA,1919,2363,16.9,1021,2.3137
BPA124,BPR107,Bellavista reserve,Pichincha,Ecuador,-0.016626,-78.680865,Precise,2003,2005,3,NA,Plant visitation,Population,Pollen collection,Dry and Wet,NA,Cloud forest,Northwestern Andean montane forests,Northern Andes,NA,2055,1492,16,1222,1.22
BPA125,BPR108,Yanayacu Biological Station,Napo,Ecuador,-0.599599,-77.883356,Precise,2003,2003,6,,Plant visitation,Assemblage,Direct observation,Dry and Wet,NA,Rainforest,Eastern Cordillera real montane forests,Northern Andes,NA,2119,2337,16.1,1076,2.1718
BPA126,BPR108,El Pahuma Rreserve,Pichincha,Ecuador,0.025871,-78.632174,Precise,2003,2003,5,,Plant visitation,Assemblage,Direct observation,Dry and Wet,NA,Cloud forest,Northwestern Andean montane forests,Northern Andes,NA,1954,1457,16.6,1206,1.2076
BPA127,BPR108,Otonga Natural Reserve,Cotopaxi,Ecuador,-0.416699,-79.002553,Precise,2003,2003,1,,Plant visitation,Assemblage,Direct observation,Wet,NA,Cloud forest,Northwestern Andean montane forests,Northern Andes,NA,1940,2209,16.3,1159,1.9058
BPA128,BPR108,Golondrinas Reserve,Carchi,Ecuador,0.833333,-78.116667,Precise,2003,2003,1,,Plant visitation,Assemblage,Direct observation,Dry,NA,Cloud forest,Northwestern Andean montane forests,Northern Andes,NA,2239,974,15.4,1179,0.8258
BPA129,BPR108,Bilsa Biological Station,Manabi,Ecuador,0.346933,-79.710983,Precise,2003,2003,1,,Plant visitation,Assemblage,Direct observation,Dry,NA,Rainforest,Western Ecuador moist forests,Northern Andes,NA,527,1802,22.9,1075,1.6757
BPA130,BPR108,Bellavista Reserve,Pichincha,Ecuador,-0.016626,-78.680865,Precise,2003,2003,7,,Plant visitation,Assemblage,Direct observation,Dry and Wet,NA,Cloud forest,Northwestern Andean montane forests,Northern Andes,NA,2055,1492,16,1222,1.22
BPA131,BPR109,Río Guajalito Reserve,Pichincha,Ecuador,-0.204462,-78.797328,Precise,1999,2000,NA,34,Plant visitation,Assemblage,Pollen collection,Dry and Wet,Cloud forest,Cloud forest,Northwestern Andean montane forests,Northern Andes,NA,1958,2077,16.5,1208,1.719
BPA132,BPR109,Otonga Natural Reserve,Cotopaxi,Ecuador,-0.416699,-79.002553,Precise,1999,2000,NA,34,Plant visitation,Assemblage,Pollen collection,Dry and Wet,Cloud forest,Cloud forest,Northwestern Andean montane forests,Northern Andes,NA,1940,2209,16.3,1159,1.9058
BPA133,BPR110,Londrina Urban Rrea,Parana,Brazil,-23.366039,-51.183777,Precise,1989,1992,22,NA,Bat diet,Assemblage,Feces collection,Dry and Wet,NA,Semideciduous forest,Alto Paraná Atlantic forests,Atlantic Forest,700,507,1546,20.8,1492,1.0357
BPA134,BPR111,Laguna de Caparú,Merida,Venezuela,8.487778,-71.336111,Precise,NA,NA,NA,NA,Bat diet,Population,Feces collection,Dry,Thorny and shruby vegetation,Deciduous forest,Venezuelan Andes montane forests,Northern Andes,820,772,1242,23.9,1662,0.7472
BPA135,BPR112,El Mamo - Catia la Mar,Vargas,Venezuela,10.587601,-67.061971,Precise,1990,1991,8,NA,Plant visitation,Assemblage,Direct observation,Dry and Wet,NA,Deciduous forest,La Costa xeric shrublands,Caribbean,NA,61,687,26.7,1919,0.3579
BPA136,BPR112,Península de Paraguaná,Falcon,Venezuela,11.946592,-70.099865,Not precise,1990,1990,4,NA,Plant visitation,Assemblage,Direct observation,Dry and Wet,NA,Deciduous forest,Paraguana xeric scrub,Caribbean,NA,59,438,27.9,2232,0.1961
BPA137,BPR113,Saint Croix,Virgin Islands,United States,17.723461,-64.834441,Not precise,NA,NA,NA,NA,Bat diet,Population,Direct observation,NA,NA,Limestone Rainforest,Caribbean shrublands,Caribbean,NA,106,1160,25.9,1982,0.5851
BPA138,BPR114,Botanical Garden of Rio de Janeiro,Rio de Janeiro,Brazil,-22.968642,-43.2265,Precise,1999,2001,NA,NA,Bat diet,Assemblage,Direct observation and Feces collection,Dry and Wet,NA,Rainforest,Serra do Mar coastal forests,Atlantic Forest,NA,65,1118,23.1,1412,0.7917
BPA139,BPR115,Montes Azules Reserve,Chiapas,Mexico,16.159893,-90.901448,Precise,2004,2004,6,NA,Bat diet,Assemblage,Feces collection,Dry and Wet,NA,Rainforest,Petén-Veracruz moist forests,Mesoamerica,NA,166,2990,25.9,1803,1.6574
BPA140,BPR116,Sierra de Aroa,Yaracuy,Venezuela,10.44991,-68.864729,Precise,2006,2006,3,NA,Bat diet,Assemblage,Feces collection,Dry,NA,Rainforest,Cordillera La Costa montane forests,Caribbean,NA,469,1069,24.1,1724,0.6197
BPA141,BPR117,La Selva Biological Station,Heredia,Costa Rica,10.4232682,-84.0220298,Precise,1985,1985,2,211,Bat diet,Assemblage,Feces collection,Dry,NA,Rainforest,Isthmian-Atlantic moist forests,Mesoamerica,NA,100,3779,25.8,1685,2.2416
BPA142,BPR118,Superagüi National Park,Parana,Brazil,-25.347181,-48.203093,Precise,2001,2001,4,25,Bat diet,Population,Feces collection,Dry and Wet,NA,Rainforest,Southern Atlantic mangroves,Atlantic Forest,NA,8,2240,21.7,1223,1.8305
BPA143,BPR118,Volta Velha reserve,Santa Catarina,Brazil,-26.095263,-48.64761,Precise,2001,2002,4,32,Bat diet,Population,Feces collection,Dry and Wet,NA,Rainforest,Serra do Mar coastal forests,Atlantic Forest,NA,14,1843,20.7,1167,1.5788
BPA144,BPR119,Parque do Museu Mello Leitão,Espirito Santo,Brazil,-19.935931,-40.599742,Precise,2000,2000,5,NA,Bat diet,Population,Feces collection and Roosting inspection,Dry and Wet,NA,Rainforest,Bahia coastal forests,Atlantic Forest,NA,677,1319,19.8,1239,1.0643
BPA145,BPR120,Intervales State Park,Sao Paulo,Brazil,-24.308566,-48.273264,Precise,1999,2000,13,121,Bat diet,Assemblage,Feces collection,Dry,NA,Rainforest,Serra do Mar coastal forests,Atlantic Forest,NA,577,1430,19.1,1145,1.2479
BPA146,BPR121,Panga Ecological Reserve,Minas Gerais,Brazil,-19.1797,-48.4562,Precise,1990,1991,12,211,Bat diet,Assemblage,Feces collection,Dry and Wet,Scrub woodland and mesofitic forest,Seasonal riverine forest,Cerrado,Cerrado,800,763,1542,21.9,1559,0.9889
BPA147,BPR122,NA,NA,Curaçao,12.214107,-69.043905,Not precise,1992,1993,17,NA,Bat diet,Assemblage,Feces collection,Dry and Wet,NA,Semi-arid thorny woodland,Caribbean shrublands,Caribbean,NA,26,542,27.7,2131,0.2543
BPA148,BPR123,Chamela-Cuixmala reserve,Jalisco,Mexico,19.491454,-104.981025,Not precise,1999,2003,NA,NA,Plant visitation,Assemblage,Direct observation,Dry and Wet,tropical dry forest,Deciduous forest,Jalisco dry forests,Mesoamerica,NA,245,1115,24.8,1796,0.6205
BPA149,BPR124,Francisco Tamayo Biological Station,Guarico,Venezuela,8.857521,-67.385249,Precise,1979,1979,1,NA,Plant visitation,Population,Direct observation and Pollen Collection,Dry,NA,Savanna woodland,Llanos,Los Llanos,NA,91,1260,27.8,1899,0.6634
BPA150,BPR125,Manaus,Amazonas,Brazil,-2.958905,-59.977743,Precise,NA,NA,NA,NA,Bat diet,Assemblage,Feces collection,Dry and Wet,NA,Rainforest,Uatuma-Trombetas moist forests,Amazonia,NA,71,2306,26.6,1325,1.7395
BPA151,BPR126,Las Delicias,Huila,Colombia,3.278695,-74.973096,Precise,1993,1994,12,NA,Bat diet,Population,Feces collection,Dry and Wet,Premontane dry forest,Deciduous forest,Magdalena Valley dry forests,Northern Andes,580,534,1526,26.3,1596,0.9558
BPA152,BPR127,Las Delicias,Huila,Colombia,3.278695,-74.973096,Precise,1993,1994,12,NA,Plant visitation,Assemblage,Direct observation and Feces collection,Dry and Wet,Premontane dry forest,Deciduous forest,Magdalena Valley dry forests,Northern Andes,580,534,1526,26.3,1596,0.9558
BPA153,BPR128,25 km South of Arequipa City,Arequipa,Peru,-16.572441,-71.442173,Not precise,1991,1993,6,NA,Plant visitation,Population,Experimental,Dry and Wet,NA,Semi-arid thorny woodland,Sechura desert,Southern Andes,2500,2634,66,13.9,1926,0.0342
BPA154,BPR129,Santa Lucia Biological Station,Espirito Santo,Brazil,-19.965319,-40.540618,Precise,2000,2000,1,NA,Plant visitation,Assemblage,Direct observation,Dry,NA,Rainforest,Bahia coastal forests,Atlantic Forest,700,728,1325,19.6,1233,1.0739
BPA155,BPR129,Parque do Museu Mello Leitão,Espirito Santo,Brazil,-19.935918,-40.599694,Precise,2001,2001,1,NA,Plant visitation,Assemblage,Direct observation,Dry,NA,Rainforest,Bahia coastal forests,Atlantic Forest,700,677,1319,19.8,1239,1.0643
BPA156,BPR130,Ubatuba,Sao Paulo,Brazil,-23.43303,-45.08768,Not precise,1975,1975,2,NA,Bat diet,Assemblage,Direct observation,Dry,NA,Rainforest,Serra do Mar coastal forests,Atlantic Forest,NA,41,2539,22.2,1302,1.9486
BPA157,BPR130,Serra do Cipó,Minas Gerais,Brazil,-19.349611,-43.618288,Not precise,1974,1974,2,NA,Bat diet,Assemblage,Direct observation,Dry,NA,Montane woodland,Cerrado,Cerrado,NA,802,1378,20.5,1391,0.99
BPA158,BPR131,Serra do Cipó,Minas Gerais,Brazil,-19.349611,-43.618288,Not precise,1974,1974,2,NA,Plant visitation,Population,Direct observation,Dry,NA,Montane woodland,Cerrado,Cerrado,NA,802,1378,20.5,1391,0.99
BPA159,BPR132,Campinas,Sao Paulo,Brazil,-22.91666,-47.06688,Not precise,1975,1976,5,29,Plant visitation,Assemblage,Direct observation,Dry and Wet,NA,Semideciduous forest,Alto Paraná Atlantic forests,Atlantic Forest,NA,680,1339,20.3,1382,0.9683
BPA160,BPR133,Ubatuba,Sao Paulo,Brazil,-23.43303,-45.08768,Not precise,1975,1975,2,NA,Plant visitation,Population,Direct observation,Dry,NA,Rainforest,Serra do Mar coastal forests,Atlantic Forest,NA,41,2539,22.2,1302,1.9486
BPA161,BPR134,Ubatuba,Sao Paulo,Brazil,-23.43303,-45.08768,Not precise,1978,1978,4,NA,Plant visitation,Population,Direct observation,Dry,NA,Rainforest,Serra do Mar coastal forests,Atlantic Forest,NA,41,2539,22.2,1302,1.9486
BPA162,BPR135,Ubatuba,Sao Paulo,Brazil,-23.43303,-45.08768,Not precise,1975,1975,1,NA,Plant visitation,Population,Direct observation,Wet,NA,Rainforest,Serra do Mar coastal forests,Atlantic Forest,NA,41,2539,22.2,1302,1.9486
BPA163,BPR136,Barão de Geraldo - Campinas,Sao Paulo,Brazil,-22.817227,-47.080054,Precise,1979,1979,2,NA,Plant visitation,Population,Direct observation,Dry and Wet,NA,Semideciduous forest,Alto Paraná Atlantic forests,Atlantic Forest,NA,603,1287,20.6,1365,0.9425
BPA164,BPR137,km 123 of the road from Belo Horizonte to Conceição,Minas Gerais,Brazil,-19.093374,-43.470373,Not precise,1987,1987,1,NA,Plant visitation,Population,Direct observation,Wet,Cerrado,Rocky woodland ,Cerrado,Cerrado,1250,859,1487,19.9,1284,1.1578
BPA165,BPR138,Parque Estadual de Campos do Jordão,Sao Paulo,Brazil,-22.690245,-45.489916,Precise,1992,1993,NA,NA,Plant visitation,Population,Direct observation,Dry,NA,Mixed forest,Serra do Mar coastal forests,Atlantic Forest,1500,1566,1768,14.1,1132,1.5612
BPA166,BPR139,Campinas Urban Area,Sao Paulo,Brazil,-22.91666,-47.06688,Not precise,1991,1992,12,NA,Bat diet,Population,Direct observation,Dry and Wet,NA,Semideciduous forest,Alto Paraná Atlantic forests,Atlantic Forest,NA,680,1339,20.3,1382,0.9683
BPA167,BPR139,Mata de Santa Genebra Reserve,Sao Paulo,Brazil,-22.820923,-47.110617,Precise,1991,1992,12,NA,Bat diet,Population,Direct observation,Dry and Wet,NA,Semideciduous forest,Alto Paraná Atlantic forests,Atlantic Forest,NA,615,1271,20.5,1384,0.9183
BPA168,BPR140,Parque Estadual de Campos do Jordão,Sao Paulo,Brazil,-22.690245,-45.489916,Precise,1993,1996,34,NA,Plant visitation,Assemblage,Direct observation,Dry and Wet,mixed semi-deciduous broadleaf forest,Mixed forest,Serra do Mar coastal forests,Atlantic Forest,NA,1566,1768,14.1,1132,1.5612
BPA169,BPR140,Caraguatatuba,Sao Paulo,Brazil,-23.596608,-45.417237,Precise,1993,1996,34,NA,Plant visitation,Assemblage,Direct observation,Dry and Wet,subhumid evergreen broadleaf forest,Rainforest,Serra do Mar coastal forests,Atlantic Forest,NA,193,2247,21.2,1236,1.8173
BPA170,BPR141,Picinguaba,Sao Paulo,Brazil,-23.378622,-44.836569,Precise,1998,1998,2,NA,Plant visitation,Population,Direct observation,Wet,subhumid evergreen broadleaf forest,Rainforest,Serra do Mar coastal forests,Atlantic Forest,NA,74,2522,22.1,1306,1.931
BPA171,BPR141,Praia Dura,Sao Paulo,Brazil,-23.493069,-45.164159,Precise,1998,1998,2,NA,Plant visitation,Population,Direct observation,Wet,subhumid evergreen broadleaf forest,Rainforest,Serra do Mar coastal forests,Atlantic Forest,NA,55,2470,22,1288,1.9166
BPA172,BPR142,Universidade Federal Rural do Rio de Janeiro,Rio de Janeiro,Brazil,-22.767221,-43.691738,Precise,1989,1989,3,NA,Plant visitation,Population,Pollen collection,Dry,NA,Rainforest,Serra do Mar coastal forests,Atlantic Forest,NA,20,1383,23.4,1417,0.9754
BPA173,BPR143,Coronado National Memorial,Arizona,United States,31.346012,-110.253043,Precise,1995,1995,1,NA,Plant visitation,Assemblage,Direct observation,Dry,NA,Savanna woodland,Sierra Madre Occidental pine-oak forests,Nearctic Mexico,1508,1635,524,16.2,2354,0.2225
BPA174,BPR144,Laguna de Caparú,Merida,Venezuela,8.487778,-71.336111,Precise,1988,1989,24,163,Bat diet,Population,Feces collection,Dry and Wet,thorny shrubs,Deciduous forest,Venezuelan Andes montane forests,Northern Andes,820,772,1242,23.9,1662,0.7472
BPA175,BPR145,La Quinta,Tachira,Venezuela,8.151064,-72.019537,Not precise,1994,2000,NA,NA,Bat diet,Assemblage,Feces collection,Dry and Wet,NA,Rainforest,Venezuelan Andes montane forests,Northern Andes,1250,1134,1266,21,1507,0.8397
BPA176,BPR146,Laguna de Caparú,Merida,Venezuela,8.487778,-71.336111,Precise,1990,1990,12,NA,Bat diet,Assemblage,Feces collection,Dry and Wet,thorny shrubs,Deciduous forest,Venezuelan Andes montane forests,Northern Andes,820,772,1242,23.9,1662,0.7472
BPA177,BPR147,Laguna de Caparú,Merida,Venezuela,8.487778,-71.336111,Precise,1990,1990,12,NA,Bat diet,Population,Feces collection,Dry and Wet,thorny shrubs,Deciduous forest,Venezuelan Andes montane forests,Northern Andes,820,772,1242,23.9,1662,0.7472
BPA178,BPR148,Barro Colorado Island,Panama Oeste,Panama,9.15164,-79.8509,Not precise,1979,1980,NA,NA,Plant visitation,Population,Direct observation,Dry and Wet,NA,Rainforest,Isthmian-Atlantic moist forests,Mesoamerica,NA,159,2394,26,1673,1.4301
BPA179,BPR149,Chamela-Cuixmala Reserve,Jalisco,Mexico,19.491454,-104.981025,Not precise,2001,2001,3,248,Plant visitation,Population,Direct observation,Dry,NA,Deciduous forest,Jalisco dry forests,Mesoamerica,NA,245,1115,24.8,1796,0.6205
BPA180,BPR150,Parque Estadual do Rio Doce,Minas Gerais,Brazil,-19.779068,-42.59993,Precise,1997,1997,11,66,Bat diet,Assemblage,Feces collection,Dry and Wet,Tropical Low Semi-Deciduous Atlantic forest.,Semideciduous forest,Bahia interior forests,Atlantic Forest,NA,269,1213,22.9,1340,0.9048
BPA181,BPR151,Barro Colorado Island,Panama Oeste,Panama,9.15164,-79.8509,Not precise,1994,1997,28,229,Plant visitation,Assemblage,Feces collection,Dry and Wet,tropical moist semi-deciduous forest,Rainforest,Isthmian-Atlantic moist forests,Mesoamerica,NA,159,2394,26,1673,1.4301
BPA182,BPR152,La Selva Biological Station,Heredia,Costa Rica,10.4232682,-84.0220298,Precise,1994,1997,26,580,Plant visitation,Assemblage,Pollen collection,Dry and Wet,NA,Rainforest,Isthmian-Atlantic moist forests,Mesoamerica,NA,100,3779,25.8,1685,2.2416
BPA183,BPR153,La Selva Biological Station,Heredia,Costa Rica,10.4232682,-84.0220298,Precise,1994,1997,26,NA,Bat diet,Population,Feces collection and Pollen collection,Dry and Wet,NA,Rainforest,Isthmian-Atlantic moist forests,Mesoamerica,NA,100,3779,25.8,1685,2.2416
BPA184,BPR154,La Selva Biological Station,Heredia,Costa Rica,10.4232682,-84.0220298,Precise,1994,1998,NA,NA,Plant visitation,Population,Pollen collection,Dry and Wet,Lowland rain forest,Rainforest,Isthmian-Atlantic moist forests,Mesoamerica,NA,100,3779,25.8,1685,2.2416
BPA185,BPR155,La Selva Biological Station,Heredia,Costa Rica,10.4232682,-84.0220298,Precise,1991,1995,NA,NA,Plant visitation,Population,Direct observation and Pollen Collection,Dry and Wet,Lowland rain forest,Rainforest,Isthmian-Atlantic moist forests,Mesoamerica,NA,100,3779,25.8,1685,2.2416
BPA186,BPR156,Rara Avis Reserve,Heredia,Costa Rica,10.341302,-83.95608,Precise,1995,1995,NA,NA,Plant visitation,Population,Direct observation and Pollen Collection,Dry,Lowland rain forest,Rainforest,Isthmian-Atlantic moist forests,Mesoamerica,NA,78,3912,25.9,1687,2.3188
BPA187,BPR157,San Carlos de Rio Negro,Amazonas,Venezuela,1.921403,-67.053072,Precise,1977,1978,NA,NA,Plant visitation,Assemblage,Feces collection,Dry and Wet,NA,Rainforest,Negro-Branco moist forests,Amazonia,120,93,3388,26.3,1350,2.5087
BPA188,BPR158,Estação Experimental de Silvicultura Tropical INPA,Amazonas,Brazil,-2.629916,-60.03549,Precise,1978,1978,4,NA,Plant visitation,Population,Feces collection,Dry,NA,Rainforest,Uatuma-Trombetas moist forests,Amazonia,NA,70,2365,26.5,1335,1.7707
BPA189,BPR159,Zapotitlán Valley,Puebla,Mexico,18.333333,-97.466667,Not precise,NA,NA,NA,NA,Plant visitation,Population,Pollen collection,NA,NA,Semi-arid thorny woodland,Tehuacán Valley matorral,Mesoamerica,NA,1480,437,21.7,1846,0.2366
BPA190,BPR160,Zapotitlán Valley,Puebla,Mexico,18.348281,-97.465467,Precise,1995,1996,6,17,Plant visitation,Population,Pollen collection,Dry,Tropical scrub,Semi-arid thorny woodland,Tehuacán Valley matorral,Mesoamerica,1700,1702,520,20.2,1781,0.2918
BPA191,BPR160,Near Coxcatlán,Puebla,Mexico,18.287126,-97.197603,Precise,1995,1995,4,24,Plant visitation,Population,Pollen collection,Dry,Dry woodland,Semi-arid thorny woodland,Tehuacán Valley matorral,Mesoamerica,NA,1028,416,24,1876,0.2217
BPA192,BPR161,Isla Pajarera,Jalisco,Mexico,19.55872,-105.11333,Precise,1992,2002,3,111,Plant visitation,Population,Pollen collection,Dry,tropical deciduous forest,Deciduous forest,Jalisco dry forests,Mesoamerica,NA,8,871,25.5,1806,0.4822
BPA193,BPR162,Parque Estadual da Serra do Mar - Núcleo Picinguaba,Sao Paulo,Brazil,-23.358239,-44.849944,Precise,1997,1998,10,NA,Plant visitation,Population,Direct observation,Dry and Wet,NA,Rainforest,Serra do Mar coastal forests,Atlantic Forest,NA,10,2546,22.5,1319,1.9296
BPA194,BPR163,Catimbau National Park,Pernambuco,Brazil,-8.5106,-37.3494,Precise,1999,2000,NA,NA,Plant visitation,Population,Direct observation,Dry and Wet,NA,Semi-arid thorny woodland,Caatinga,Caatinga,NA,733,625,21.7,1597,0.3912
BPA195,BPR164,Catimbau National Park,Pernambuco,Brazil,-8.5106,-37.3494,Precise,2002,2003,NA,NA,Plant visitation,Population,Direct observation,Dry and Wet,NA,Semi-arid thorny woodland,Caatinga,Caatinga,NA,733,625,21.7,1597,0.3912
BPA196,BPR165,La Selva Biological Station,Heredia,Costa Rica,10.4232682,-84.0220298,Precise,1977,1977,1,NA,Plant visitation,Population,Direct observation and Pollen Collection,Wet,Tropical Wet and Premontane Wet Forests,Rainforest,Isthmian-Atlantic moist forests,Mesoamerica,NA,100,3779,25.8,1685,2.2416
BPA197,BPR166,Barro Colorado Island,Panama Oeste,Panama,9.1592,-79.8442,Precise,1992,1993,6,NA,Plant visitation,Assemblage,Feces collection,Dry and Wet,NA,Rainforest,Isthmian-Atlantic moist forests,Mesoamerica,NA,123,2213,26.1,1682,1.3156
BPA198,BPR167,Floresta Nacional do Araripe,Ceara,Brazil,-7.338612,-39.434532,Not precise,1976,1978,20,NA,Bat diet,Assemblage,Feces collection,Dry and Wet,NA,Semi-arid thorny woodland ,Caatinga,Caatinga,NA,938,1042,21.3,1665,0.6258
BPA199,BPR168,Orchid Island ,Panama Oeste,Panama,9.178757,-79.848614,Precise,1969,1969,7,NA,Bat diet,Population,Roosting inspection ,Dry and Wet,NA,Semideciduous forest,Isthmian-Atlantic moist forests,Mesoamerica,NA,41,2461,26.5,1695,1.4514
BPA200,BPR169,Parque do Museu Mello Leitão,Espirito Santo,Brazil,-19.935931,-40.599742,Precise,1988,1989,13,189,Bat diet,Population,Roosting inspection ,Dry and Wet,NA,Rainforest,Bahia coastal forests,Atlantic Forest,NA,677,1319,19.8,1239,1.0643
